-- ClimbMatch Demo Data
-- Paste this ENTIRE script into Supabase SQL Editor and click Run

INSERT INTO auth.users (instance_id, id, aud, role, email, encrypted_password, email_confirmed_at, created_at, updated_at, raw_app_meta_data, raw_user_meta_data, is_super_admin, confirmation_token, recovery_token, email_change_token_new, email_change)
VALUES
  ('00000000-0000-0000-0000-000000000000', 'a1111111-1111-1111-1111-111111111111', 'authenticated', 'authenticated', 'maya@demo.com', '$2a$10$abcdefghijklmnopqrstuuABCDEFGHIJKLMNOPQRSTUVWXYZ012', now(), now(), now(), '{"provider":"email","providers":["email"]}', '{}', false, '', '', '', ''),
  ('00000000-0000-0000-0000-000000000000', 'a2222222-2222-2222-2222-222222222222', 'authenticated', 'authenticated', 'noam@demo.com', '$2a$10$abcdefghijklmnopqrstuuABCDEFGHIJKLMNOPQRSTUVWXYZ012', now(), now(), now(), '{"provider":"email","providers":["email"]}', '{}', false, '', '', '', ''),
  ('00000000-0000-0000-0000-000000000000', 'a3333333-3333-3333-3333-333333333333', 'authenticated', 'authenticated', 'shira@demo.com', '$2a$10$abcdefghijklmnopqrstuuABCDEFGHIJKLMNOPQRSTUVWXYZ012', now(), now(), now(), '{"provider":"email","providers":["email"]}', '{}', false, '', '', '', ''),
  ('00000000-0000-0000-0000-000000000000', 'a4444444-4444-4444-4444-444444444444', 'authenticated', 'authenticated', 'itai@demo.com', '$2a$10$abcdefghijklmnopqrstuuABCDEFGHIJKLMNOPQRSTUVWXYZ012', now(), now(), now(), '{"provider":"email","providers":["email"]}', '{}', false, '', '', '', ''),
  ('00000000-0000-0000-0000-000000000000', 'a5555555-5555-5555-5555-555555555555', 'authenticated', 'authenticated', 'dana@demo.com', '$2a$10$abcdefghijklmnopqrstuuABCDEFGHIJKLMNOPQRSTUVWXYZ012', now(), now(), now(), '{"provider":"email","providers":["email"]}', '{}', false, '', '', '', ''),
  ('00000000-0000-0000-0000-000000000000', 'a6666666-6666-6666-6666-666666666666', 'authenticated', 'authenticated', 'yonatan@demo.com', '$2a$10$abcdefghijklmnopqrstuuABCDEFGHIJKLMNOPQRSTUVWXYZ012', now(), now(), now(), '{"provider":"email","providers":["email"]}', '{}', false, '', '', '', ''),
  ('00000000-0000-0000-0000-000000000000', 'a7777777-7777-7777-7777-777777777777', 'authenticated', 'authenticated', 'tal@demo.com', '$2a$10$abcdefghijklmnopqrstuuABCDEFGHIJKLMNOPQRSTUVWXYZ012', now(), now(), now(), '{"provider":"email","providers":["email"]}', '{}', false, '', '', '', ''),
  ('00000000-0000-0000-0000-000000000000', 'a8888888-8888-8888-8888-888888888888', 'authenticated', 'authenticated', 'alon@demo.com', '$2a$10$abcdefghijklmnopqrstuuABCDEFGHIJKLMNOPQRSTUVWXYZ012', now(), now(), now(), '{"provider":"email","providers":["email"]}', '{}', false, '', '', '', '')
ON CONFLICT (id) DO NOTHING;

INSERT INTO auth.identities (id, user_id, identity_data, provider, provider_id, last_sign_in_at, created_at, updated_at)
VALUES
  ('a1111111-1111-1111-1111-111111111111', 'a1111111-1111-1111-1111-111111111111', jsonb_build_object('sub', 'a1111111-1111-1111-1111-111111111111', 'email', 'maya@demo.com'), 'email', 'a1111111-1111-1111-1111-111111111111', now(), now(), now()),
  ('a2222222-2222-2222-2222-222222222222', 'a2222222-2222-2222-2222-222222222222', jsonb_build_object('sub', 'a2222222-2222-2222-2222-222222222222', 'email', 'noam@demo.com'), 'email', 'a2222222-2222-2222-2222-222222222222', now(), now(), now()),
  ('a3333333-3333-3333-3333-333333333333', 'a3333333-3333-3333-3333-333333333333', jsonb_build_object('sub', 'a3333333-3333-3333-3333-333333333333', 'email', 'shira@demo.com'), 'email', 'a3333333-3333-3333-3333-333333333333', now(), now(), now()),
  ('a4444444-4444-4444-4444-444444444444', 'a4444444-4444-4444-4444-444444444444', jsonb_build_object('sub', 'a4444444-4444-4444-4444-444444444444', 'email', 'itai@demo.com'), 'email', 'a4444444-4444-4444-4444-444444444444', now(), now(), now()),
  ('a5555555-5555-5555-5555-555555555555', 'a5555555-5555-5555-5555-555555555555', jsonb_build_object('sub', 'a5555555-5555-5555-5555-555555555555', 'email', 'dana@demo.com'), 'email', 'a5555555-5555-5555-5555-555555555555', now(), now(), now()),
  ('a6666666-6666-6666-6666-666666666666', 'a6666666-6666-6666-6666-666666666666', jsonb_build_object('sub', 'a6666666-6666-6666-6666-666666666666', 'email', 'yonatan@demo.com'), 'email', 'a6666666-6666-6666-6666-666666666666', now(), now(), now()),
  ('a7777777-7777-7777-7777-777777777777', 'a7777777-7777-7777-7777-777777777777', jsonb_build_object('sub', 'a7777777-7777-7777-7777-777777777777', 'email', 'tal@demo.com'), 'email', 'a7777777-7777-7777-7777-777777777777', now(), now(), now()),
  ('a8888888-8888-8888-8888-888888888888', 'a8888888-8888-8888-8888-888888888888', jsonb_build_object('sub', 'a8888888-8888-8888-8888-888888888888', 'email', 'alon@demo.com'), 'email', 'a8888888-8888-8888-8888-888888888888', now(), now(), now())
ON CONFLICT (id) DO NOTHING;

INSERT INTO profiles (id, display_name, photo_url, home_area, climbing_types, experience_level, sport_grade_range, boulder_grade_range, weight_kg, share_weight, gear, has_car, bio, languages, phone)
VALUES
  ('a1111111-1111-1111-1111-111111111111', 'Maya Cohen', 'https://randomuser.me/api/portraits/women/44.jpg', 'Tel Aviv', ARRAY['sport','indoor']::climbing_type[], 'intermediate', '6a-6c', 'V3-V5', 58, true, '{"rope":true,"quickdraws":true,"belayDevice":true,"crashPad":false,"helmet":false}', true, 'Sport climbing enthusiast based in TLV. Love morning sessions and weekend trips to Ein Prat!', ARRAY['English','Hebrew'], '+972501234567'),
  ('a2222222-2222-2222-2222-222222222222', 'Noam Levy', 'https://randomuser.me/api/portraits/men/32.jpg', 'Jerusalem', ARRAY['boulder','sport']::climbing_type[], 'advanced', '7a-7c', 'V6-V8', 72, true, '{"rope":false,"quickdraws":false,"belayDevice":true,"crashPad":true,"helmet":false}', false, 'Boulder addict. Training for V9. Looking for strong partners to push limits!', ARRAY['Hebrew','English','French'], '+972502345678'),
  ('a3333333-3333-3333-3333-333333333333', 'Shira Ben-David', 'https://randomuser.me/api/portraits/women/68.jpg', 'Haifa', ARRAY['indoor','boulder']::climbing_type[], 'beginner', '5a-5c', 'V1-V3', 55, false, '{"rope":false,"quickdraws":false,"belayDevice":true,"crashPad":false,"helmet":true}', false, 'Just started climbing 3 months ago and absolutely hooked! Looking for patient partners.', ARRAY['Hebrew','English','Russian'], '+972503456789'),
  ('a4444444-4444-4444-4444-444444444444', 'Itai Shapiro', 'https://randomuser.me/api/portraits/men/75.jpg', 'Tel Aviv', ARRAY['sport','trad','multi_pitch']::climbing_type[], 'advanced', '7a-7c+', 'V5-V7', 78, true, '{"rope":true,"quickdraws":true,"belayDevice":true,"crashPad":false,"helmet":true}', true, 'Trad warrior with 8+ years experience. Multi-pitch enthusiast. Full rack available.', ARRAY['Hebrew','English'], '+972504567890'),
  ('a5555555-5555-5555-5555-555555555555', 'Dana Katz', 'https://randomuser.me/api/portraits/women/29.jpg', 'Beer Sheva', ARRAY['sport','multi_pitch']::climbing_type[], 'intermediate', '6b-7a', 'V3-V5', 62, true, '{"rope":true,"quickdraws":true,"belayDevice":true,"crashPad":false,"helmet":true}', true, 'Weekend warrior from the south. Love long routes and desert climbing!', ARRAY['Hebrew','English','Spanish'], '+972505678901'),
  ('a6666666-6666-6666-6666-666666666666', 'Yonatan Mizrahi', 'https://randomuser.me/api/portraits/men/56.jpg', 'Jerusalem', ARRAY['boulder','indoor']::climbing_type[], 'intermediate', '6a-6c', 'V4-V6', 80, true, '{"rope":false,"quickdraws":false,"belayDevice":true,"crashPad":true,"helmet":false}', true, 'Climbing for 3 years, mostly bouldering. Recently started lead climbing too.', ARRAY['Hebrew','English'], '+972506789012'),
  ('a7777777-7777-7777-7777-777777777777', 'Tal Avraham', 'https://randomuser.me/api/portraits/women/15.jpg', 'Herzliya', ARRAY['indoor','sport']::climbing_type[], 'beginner', '5b-6a', 'V2-V4', 52, false, '{"rope":false,"quickdraws":false,"belayDevice":true,"crashPad":false,"helmet":false}', false, 'New to the climbing community! Just finished my lead course.', ARRAY['English','Hebrew'], '+972507890123'),
  ('a8888888-8888-8888-8888-888888888888', 'Alon Peretz', 'https://randomuser.me/api/portraits/men/45.jpg', 'Tel Aviv', ARRAY['trad','multi_pitch','sport']::climbing_type[], 'advanced', '7a-7c+', 'V5-V7', 75, true, '{"rope":true,"quickdraws":true,"belayDevice":true,"crashPad":false,"helmet":true}', true, '10+ years of climbing experience. Passionate about trad and multi-pitch!', ARRAY['Hebrew','English','German'], '+972508901234')
ON CONFLICT (id) DO UPDATE SET
  display_name = EXCLUDED.display_name, photo_url = EXCLUDED.photo_url, home_area = EXCLUDED.home_area,
  climbing_types = EXCLUDED.climbing_types, experience_level = EXCLUDED.experience_level,
  sport_grade_range = EXCLUDED.sport_grade_range, boulder_grade_range = EXCLUDED.boulder_grade_range,
  gear = EXCLUDED.gear, has_car = EXCLUDED.has_car, bio = EXCLUDED.bio, languages = EXCLUDED.languages, phone = EXCLUDED.phone;

INSERT INTO partner_requests (user_id, date, start_time, end_time, flexible, location_type, location_name, climbing_type, goal_type, desired_grade_range, notes, needs_gear, carpool_needed, weight_relevant, max_weight_difference_kg, status)
VALUES
  ('a1111111-1111-1111-1111-111111111111', CURRENT_DATE, '08:00', '11:00', false, 'gym', 'Vertical Playground TLV', 'sport', 'mileage', '6a-6c', 'Morning session partner wanted!', '{"rope":false,"quickdraws":false,"belayDevice":true,"crashPad":false,"helmet":false}', false, false, null, 'active'),
  ('a2222222-2222-2222-2222-222222222222', CURRENT_DATE, '14:00', '17:00', false, 'gym', 'Krafta Jerusalem', 'boulder', 'project', 'V6-V8', 'Working on a V7 project. Need a spotter!', '{"rope":false,"quickdraws":false,"belayDevice":false,"crashPad":true,"helmet":false}', false, false, null, 'active'),
  ('a3333333-3333-3333-3333-333333333333', CURRENT_DATE, '18:00', '20:30', false, 'gym', 'The Wall Haifa', 'indoor', 'easy_day', '5a-5c', 'Beginner looking for patient belay partner!', '{"rope":false,"quickdraws":false,"belayDevice":false,"crashPad":false,"helmet":false}', false, false, null, 'active'),
  ('a4444444-4444-4444-4444-444444444444', CURRENT_DATE + 1, '07:00', '15:00', false, 'crag', 'Ein Prat', 'sport', 'project', '7a-7c', 'Full day at Ein Prat. Looking for strong climber!', '{"rope":false,"quickdraws":false,"belayDevice":true,"crashPad":false,"helmet":false}', false, true, 15, 'active'),
  ('a5555555-5555-5555-5555-555555555555', CURRENT_DATE + 1, '06:00', '16:00', false, 'crag', 'Timna Park', 'multi_pitch', 'project', '6b-7a', 'Multi-pitch at Timna. Carpool from Beer Sheva!', '{"rope":false,"quickdraws":false,"belayDevice":true,"crashPad":false,"helmet":true}', false, true, 20, 'active'),
  ('a6666666-6666-6666-6666-666666666666', CURRENT_DATE, null, null, true, 'gym', 'Krafta Jerusalem', 'boulder', 'training', 'V4-V6', 'Flexible timing. Bouldering anytime today!', '{"rope":false,"quickdraws":false,"belayDevice":false,"crashPad":false,"helmet":false}', false, false, null, 'active'),
  ('a7777777-7777-7777-7777-777777777777', CURRENT_DATE, '15:00', '18:00', false, 'gym', 'The Bloc TLV', 'indoor', 'easy_day', '5b-6a', 'Afternoon climb! Just got my lead cert.', '{"rope":false,"quickdraws":false,"belayDevice":true,"crashPad":false,"helmet":false}', false, false, null, 'active'),
  ('a8888888-8888-8888-8888-888888888888', CURRENT_DATE + 1, '06:30', '14:00', false, 'crag', 'Ein Prat', 'trad', 'mileage', '6c-7b', 'Trad day at Ein Prat. Full rack!', '{"rope":false,"quickdraws":false,"belayDevice":true,"crashPad":false,"helmet":true}', false, true, 15, 'active'),
  ('a1111111-1111-1111-1111-111111111111', CURRENT_DATE + 1, '09:00', '14:00', false, 'crag', 'Ein Prat', 'sport', 'mileage', '6a-6c', 'Outdoor day at Ein Prat!', '{"rope":false,"quickdraws":false,"belayDevice":true,"crashPad":false,"helmet":false}', false, false, null, 'active'),
  ('a2222222-2222-2222-2222-222222222222', CURRENT_DATE, '09:00', '12:00', false, 'gym', 'Krafta Jerusalem', 'sport', 'training', '7a-7c', 'Morning lead training.', '{"rope":false,"quickdraws":false,"belayDevice":true,"crashPad":false,"helmet":false}', false, true, 10, 'active'),
  ('a5555555-5555-5555-5555-555555555555', CURRENT_DATE, '17:00', '20:00', false, 'gym', 'Vertical Playground TLV', 'sport', 'mileage', '6b-7a', 'Evening session in TLV!', '{"rope":true,"quickdraws":false,"belayDevice":true,"crashPad":false,"helmet":false}', false, false, null, 'active'),
  ('a6666666-6666-6666-6666-666666666666', CURRENT_DATE + 1, '10:00', '13:00', false, 'gym', 'Krafta Jerusalem', 'indoor', 'easy_day', '6a-6c', 'Chill morning session. All welcome!', '{"rope":false,"quickdraws":false,"belayDevice":true,"crashPad":false,"helmet":false}', false, false, null, 'active');
